id, platform, title, price, price_numeric, l ocation, date_posted, description, link, im age_url, scraped_at3514601386,kleinanzeigen,16,N/A,0,München,2026-09-19,"Schweren Herzens verkaufe ich meinen geliebten Seat Ibiza, der mir immer treue Dienste geleistet hat. Da ich mir mittlerweile einen SUV gekauft habe, habe ich leider keinen Stellplatz mehr für zwei Autos.Der Service wurde vor zwei Monaten durchgeführt und der TÜV wurde gerade erst neu gemacht! TÜV bis 09.2028.Das Fahrzeug verfügt über sportliche Frontgrills sowie eine Sportauspuffanlage, die in München eingebaut wurden und für die entsprechende Gutachten vorhanden sind. Außerdem hat das Fahrzeug ein schwarz lackiertes Dach sowie einen sportlichen Dachspoiler, auch hierfür sind entsprechende Gutachten vorhanden. In München wurden ebenfalls neue Sportsitze eingebaut, die das Fahrzeug besonders komfortabel und bequem machen.Was ich bezüglich des Fahrzeugs erwähnen möchte: Ich habe das Auto bereits mit einem bekannten Schaden gekauft. Der Schaden entstand, als die vorherige Fahrerin auf der Straße Kontakt mit der Leitplanke hatte. Dabei sind eine Delle und Kratzer entstanden, die auf den Bildern deutlich zu sehen sind. Ich habe bewusst darauf geachtet, den Schaden auf den Bildern gut sichtbar zu zeigen, damit alles transparent ist. Aus diesem Grund ist der Preis auch entsprechend niedriger angesetzt. Die Vorbesitzerin hat die betroffenen Stellen etwas ausgebessert, die Spuren sind jedoch weiterhin sichtbar.Im Auto wurde außerdem ein neues Radio mit Bluetooth-Funktion und weiteren Funktionen eingebaut. Das alte Radio, das vorher im Auto verbaut war, können Sie gerne kostenlos dazu bekommen, wenn Sie möchten.Am Auto sind gute und zuverlässige Winterreifen montiert:Semperit Speed Grip 5185/60 R15DOT 1424Der alte Satz Winterräder (Felgen mit Reifen), der vorher auf dem Auto montiert war, ist ebenfalls verfügbar. Wenn Sie möchten, können Sie auch diesen kostenlos dazu bekommen.",https://www.kleinanzeigen.de/s-anzeige/seat-ibiza-2011-1-2-tsi-tuev-neu-09-2028/3514601386-216-7315,https://img.kleinanzeigen.de/api/v1/prod-ads/images/96/96c19a4a-d694-4ee7-a109-1a3fe0f4515e?rule=$_2.AUTO,2026-09-19 17:24:29
3509751052,kleinanzeigen,16,N/A,0,München,2026-09-19,"Citroën C1 1.0 Benzin | 2009 | 105.000 km | TÜV 03/2027Verkaufe einen Citroën C1 1.0 Benziner, Baujahr 2009, mit nur 105.000 km.Das Fahrzeug ist in einem sehr guten und gepflegten Zustand und sofort fahrbereit.Öl und Filter frisch gewechseltNeue Winterreifen auf den FelgenSommerreifen auf den FelgenKeine RostTÜV bis 03/2027Ich habe alle Unterlagen von früheren TÜV-PrüfungenIch bin der zweite Besitzer des AutosDas Auto wird mit zwei Schlüsselnund einem Serviceheft geliefertKeine weiteren Investitionen notwendigEinfach einsteigen und losfahrenBei Interesse gerne meldenDas Auto wurde auf autohistorik.de überprüft ... Ich besitze ein Zertifikat, das die Korrektheit der Angaben zum Fahrzeug bestätigtTel/WhatsApp +4915753355211",https://www.kleinanzeigen.de/s-anzeige/citro-n-c1-2009-serviceheft-autohistorik-de/3509751052-216-9094,https://img.kleinanzeigen.de/api/v1/prod-ads/images/ff/ff3bbe84-d0b0-4c2f-bab1-b347668cde43?rule=$_2.AUTO,2026-09-19 17:24:33
3517430510,kleinanzeigen,10,N/A,0,München,2026-09-19,"Gewartetes und gepflegtes Auto, mit guter Ausstattung siehe Bilder. Natürlich gibt es Gebrauchsspuren und Abnutzungen die im Alltag entstehen können.Schweller und Kotflügel wurden gemacht, somit ist auch der nächste TÜV kein Problem.Inspektion mit Öl - und filterwechsel wurde durchgeführt.Das Auto ist abgemeldet. Kann aber auf sem Hof bewegt werden.LimousineGebrauchtfahrzeugUnfallfreiHubraum: 1390 cm³Anzahl der Türen: 4/5 TürenAnzahl Sitzplätze: 5Schadstoffklasse: Euro4Umweltplakette: 4 (Grün)Anzahl der Fahrzeughalter: --HU: 8/2027Farbe: Rot MetallicFarbe (Hersteller): --Innenausstattung: StoffFarbe der Innenausstattung: SchwarzAirbags: --Anhängerkupplung: --Radio: Tuner/RadioAusstattungABS, Armlehne, Bluetooth, Bordcomputer, CD-Spieler, ESP, Elektr. Fensterheber, Elektr. Seitenspiegel, Elektr. Wegfahrsperre, Lordosenstütze, Nichtraucher-Fahrzeug, Scheinwerferreinigung, Servolenkung, Sitzheizung, Soundsystem, Traktionskontrolle, USB, Umklappbarer Beifahrersitz, Winterreifen, ZentralverriegelungDer Preis ist Verhandlungsbasis.Privatanbieter88400 BiberachDeutschlandInserat bereitgestellt von",https://www.kleinanzeigen.de/s-anzeige/volkswagen-polo-benzin-1-4-comfortline-sitzheizung-klimatuev/3517430510-216-8706,https://img.kleinanzeigen.de/api/v1/prod-ads/images/71/7141ffd6-55f3-4389-94f6-fc510dff383f?rule=$_2.AUTO,2026-09-19 17:24:36
3506136609,kleinanzeigen,9,N/A,0,München,2026-09-19,"Zum Verkauf steht ein Renault Mégane Grandtour mit Benzinmotor und Schaltgetriebe.- ca. 134.000 km- HU bis 02/2027- 8-fach bereift- Zahnriemen und Keilriemen privat erneuert- Batterie noch relativ neu- großer Kofferraum- Dachreling- elektrische Fensterheber- Zentralverriegelung- NebelscheinwerferDas Fahrzeug stand ca. 8 Monate.Die noch relativ neue Batterie ist aufgrund der langen Standzeit aktuell vollständig entladen.Zuvor war das Fahrzeug seinem Alter entsprechend normal und direkt fahrbereit.Alters- und nutzungsbedingte Gebrauchsspuren außen und innen vorhanden, siehe Bilder.Bekannter Mangel:Die Heckklappe öffnet sich sporadisch beim Einlegen des Rückwärtsgangs.Das Fahrzeug ist bereits abgemeldet, daher ist eine Probefahrt zum aktuellen Stand nicht möglich.Privatverkauf:Keine Rücknahme oder Garantie. Ausschluss der Sachmängelhaftung, soweit gesetzlich zulässig. Irrtümer und Zwischenverkauf vorbehalten.",https://www.kleinanzeigen.de/s-anzeige/renault-m-gane-2-grandtour-134-107-km-schwarz-grau/3506136609-216-9213,https://img.kleinanzeigen.de/api/v1/prod-ads/images/3e/3ede42f7-7d69-409c-9af5-460478d6b501?rule=$_2.AUTO,2026-09-19 17:24:40
3517423105,kleinanzeigen,10,N/A,0,München,2026-09-19,Ich bitteToyota Yaris 1.3 87 PsKlima ausgefülltTÜV NeuService Neu Hinten Radlager neuHinten Bremse Neu8 FachAuto Allgemein gute Zustand.Nicht neu Wagen hat Delle KratzerWeitere Frage schreiben,https://www.kleinanzeigen.de/s-anzeige/toyota-yaris-1-3-klima-neu-tuev/3517423105-216-18599,https://img.kleinanzeigen.de/api/v1/prod-ads/images/70/70b4ba19-0ecd-4b02-96cf-d704cc3e9a34?rule=$_2.AUTO,2026-09-19 17:24:43
3517389994,kleinanzeigen,7,N/A,0,München,2026-09-19,"Verkaufe einen noch gut erhaltenen Skoda Fabia Combi Automatik mit Klimaanlage !120 000 km erster Hand, RentnerfahrzeugTÜV 6/28 . Bremsen hinten , Stoßdämpfer vorne,Zahnriemen und Wasserpumpe wurden vor kurzem neu gemacht .Genauso Ölwechsel mit Filter .Motor läuft einwandfrei, Getriebe schält sauber . Ein paar Kratzer und Dellen sind leider vorhanden . Innenraum ist sehr sauber und gepflegt.Seit ein paar Tagen geht leider die Türe hinten rechts nicht auf .Ansonsten ist das Fahrzeug technisch gut . Noch angemeldet und kann probegefahren werden. Preis ist leicht verhandelbar bei BESICHTUNG VOR ORT .KombiGebrauchtfahrzeugUnfallfreiHubraum: 1390 cm³Anzahl der Türen: 4/5 TürenAnzahl Sitzplätze: 5Schadstoffklasse: Euro4Umweltplakette: 4 (Grün)Anzahl der Fahrzeughalter: 1HU: 6/2028Farbe: Gold MetallicFarbe (Hersteller): --Innenausstattung: StoffFarbe der Innenausstattung: --Airbags: Front-, Seiten- und weitere AirbagsAnhängerkupplung: --Radio: Tuner/RadioAusstattungABS, Allwetterreifen, Bordcomputer, ESP, Elektr. Fensterheber, Elektr. Seitenspiegel, Elektr. Wegfahrsperre, Gepäckraumabtrennung, Isofix, Nichtraucher-Fahrzeug, Scheckheftgepflegt, Servolenkung, Traktionskontrolle, ZentralverriegelungDer Preis ist Verhandlungsbasis.Privatanbieter78052 Villingen -SchwenningenDeutschlandInserat bereitgestellt von",https://www.kleinanzeigen.de/s-anzeige/skoda-fabia-combi-1-4-16v-automatik-tuev-6-28-zahnrieme/3517389994-216-9103,https://img.kleinanzeigen.de/api/v1/prod-ads/images/a0/a0fa1c5c-653b-4234-9493-bb599ef985ee?rule=$_2.AUTO,2026-09-19 17:24:46
3517315973,kleinanzeigen,6,N/A,0,München,2026-09-19,"Opel Corsa | TÜV bis 01/2028Zum Verkauf steht mein gepflegter Opel Corsa, da ich mittlerweile einen Firmenwagen habe und das Fahrzeug daher nicht mehr benötige.Der Corsa befindet sich für sein Alter in einem sehr guten Zustand. Am Fahrzeug wurde repariert bzw. erneuert, siehe Bilder, Rechnung.Das Fahrzeug ist fahrbereit und kann nach Absprache Probe gefahren werden.Privatverkauf: Der Verkauf erfolgt unter Ausschluss der Sachmängelhaftung. Keine Garantie, keine Gewährleistung und keine Rücknahme.",https://www.kleinanzeigen.de/s-anzeige/opel-corsa-top-zustand/3517315973-216-7112,https://img.kleinanzeigen.de/api/v1/prod-ads/images/5e/5e2c6469-a58f-45fa-952e-e3c85435479e?rule=$_2.AUTO,2026-09-19 17:24:50
3517256311,kleinanzeigen,7,N/A,0,München,2026-09-19,"Opel Meriva 1,4BenzinerWasserpumpe neuZündkerzen neuKlimaanlagetüv bis Juni 2028 ohne mängelein klackern aus der Motornockenwelle hat schadenImport auto mit deutsche papiereVan/MinibusGebrauchtfahrzeugBeschädigt, UnfallfreiHubraum: 1364 cm³Anzahl der Türen: 4/5 TürenAnzahl Sitzplätze: 5Schadstoffklasse: Euro4Umweltplakette: 4 (Grün)Anzahl der Fahrzeughalter: --HU: 6/2028Farbe: GrauFarbe (Hersteller): --Innenausstattung: StoffFarbe der Innenausstattung: SchwarzAirbags: --Anhängerkupplung: --Radio: Tuner/RadioAusstattungABS, CD-Spieler, ESP, Elektr. Fensterheber, Elektr. Wegfahrsperre, Nichtraucher-Fahrzeug, Servolenkung, Traktionskontrolle, USB, ZentralverriegelungDer Preis ist Verhandlungsbasis.Privatanbieter86637 WertingenDeutschlandInserat bereitgestellt von",https://www.kleinanzeigen.de/s-anzeige/opel-meriva-1-4-twinport-edition-edition/3517256311-216-7107,https://img.kleinanzeigen.de/api/v1/prod-ads/images/be/be0afe88-2f0d-4e75-ae9a-52e922bbf114?rule=$_2.AUTO,2026-09-19 17:24:53
3517245528,kleinanzeigen,11,N/A,0,München,2026-09-19,"Zum Verkauf steht im Auftrag meines Onkels ein zuverlässiger Opel Zafira 1.8 Benziner aus 1. Hand mit original erst ca. 116.000 km Laufleistung. Mein Onkel hat sich ein neues Fahrzeug zugelegt, weshalb dieser nun abgegeben wird. Der Wagen fährt, bremst und lenkt einwandfrei und läuft technisch gut. Innen ist er gepflegt und sauber. Außen hat er über die Jahre die üblichen Gebrauchsspuren abbekommen – sprich den einen oder anderen Kratzer und Schrammen vom Einparken oder Be- und Entladen (siehe Bilder).Die wichtigsten Daten:Halter: 1. Hand Motor: 1.8 l Benziner mit 85 kW / 116 PS Laufleistung: ca. 116.000 kmSitzplätze: 7-Sitzer (flexibel umklappbar)TÜV: Gültig bis Dezember 2026 (TÜV-Stempel im Fahrzeugschein ist vorhanden, der gedruckte TÜV-Bericht ist beim Aufräumen leider abhandengekommen)Ein ehrliches, geräumiges Auto aus erster Hand mit geringer Kilometerleistung und TÜV bis Ende 2026. Perfekt für Familien, als Alltagsauto oder Lastenesel mit viel Platzbedarf. Der Wagen muss zeitnah weichen.",https://www.kleinanzeigen.de/s-anzeige/opel-zafira-b-7-sitzer/3517245528-216-7996,https://img.kleinanzeigen.de/api/v1/prod-ads/images/4c/4cda150b-5c37-4a53-9da2-1e3bf74a2243?rule=$_2.AUTO,2026-09-19 17:24:56
3517183516,kleinanzeigen,11,N/A,0,München,2026-09-19,"Zum Verkauf steht ein gepflegter Fiat Punto 1.2 Young Edition aus dem Baujahr 2015.Fahrzeugdaten:* 1.2 Liter Benziner* 51 kW / 69 PS* Baujahr 2015* 118.000 km* TÜV bis Januar 2027Ausstattung & Zustand:* Klimaanlage – ideal für den Sommer* Vollausstattung* Sehr gepflegter Innenraum* Sparsamer Verbrauch von ca. 5–6 Litern auf 100 kmBereits erledigte Arbeiten:* Bremsbeläge erneuert* Auspuff neu* Zahnriemen gewechseltDas Fahrzeug befindet sich in einem guten und gepflegten Zustand und ist sofort fahrbereit. Ideal als Anfängerauto, Zweitwagen oder für alle, die ein zuverlässiges und sparsames Fahrzeug suchen.Bei Interesse oder Fragen gerne melden. Besichtigung und Probefahrt nach Absprache möglich.",https://www.kleinanzeigen.de/s-anzeige/fiat-punto-1-2-young-edition/3517183516-216-8083,https://img.kleinanzeigen.de/api/v1/prod-ads/images/bb/bbaffb98-030c-4030-90ea-9a568002a54c?rule=$_2.AUTO,2026-09-19 17:25:00
3517182454,kleinanzeigen,7,N/A,0,München,2026-09-19,"Zuverlässige B-Klasse. Das Auto fährt und bremst wie es soll, es ist noch angemeldet deswegen kommen noch paar km drauf.hat unten innen an denn türen Rost man sieht es von aussen nicht mich hat es nicht gestört sonst keine mir bekannten mängel. bei Interesse gerne melden und anschauen.",https://www.kleinanzeigen.de/s-anzeige/mercedes-b170-b-klasse-tuev-03-27/3517182454-216-7166,https://img.kleinanzeigen.de/api/v1/prod-ads/images/dd/dd8bcb18-ad38-4bde-8939-c18cf2cc80f3?rule=$_2.AUTO,2026-09-19 17:25:03
3509836819,kleinanzeigen,6,N/A,0,München,2026-09-19,"Zum Verkauf steht ein gepflegter und zuverlässiger Mercedes-Benz A 180 CDI (Baureihe 169) in Schwarz. Das Fahrzeug hat gerade ganz frisch neuen TÜV (Hauptuntersuchung) bis September 2028 ohne festgestellte Mängel erhalten! Das Auto steht auf Winterreifen mit sehr gutem Profil und hat erst 126.000 km gelaufen.Fahrzeugdaten:- Modell: Mercedes-Benz A 180 CDI (W169)- Erstzulassung: 09/2007- Kilometerstand: ca. 126.891 km- Leistung: 70 kW / 95 PS- Kraftstoffart: Diesel- Getriebe: Automatik (Autotronic)- HU/TÜV: Neu bis 09/2028 (Ohne Mängel bestanden!)Hinweise zum Zustand (im Preis berücksichtigt):1. Getriebe/Fahrverhalten: Das Auto fährt im normalen Verkehr und in der Stadt super und schaltet weich. Nur wenn man auf der Autobahn schnell Vollgas gibt, ruckelt es etwas beim Schalten in den höheren Gang. Das Auto ist ganz normal fahrbereit!2. Fenster hinten links: Lässt sich aktuell nicht öffnen (Seilzug/Mechanismus müsste mal überprüft werden).3. Kleiner Rostansatz an der Heckklappe im Bereich des Mercedes-Sterns/SchlossesAufgrund dieser Punkte wird der Wagen weit unter dem normalen Marktwert für faire 2.500 € abgegeben. Ideal für jemanden, der sich auskennt oder ein günstiges, sicheres Auto mit frischem TÜV sucht.Der Verkauf erfolgt von privat wie gesehen und unter Ausschluss jeglicher Gewährleistung.Bei Interesse freuen wir uns über eine Nachricht!",https://www.kleinanzeigen.de/s-anzeige/mercedes-a-180-cdi-tuev-neu-09-2028-erst-126tkm-automatik/3509836819-216-6681,https://img.kleinanzeigen.de/api/v1/prod-ads/images/88/880a0de4-909e-4e35-8404-3879e34d9ca9?rule=$_2.AUTO,2026-09-19 17:25:07
3517116730,kleinanzeigen,13,N/A,0,München,2026-09-19,"Zum Verkauf steht ein VW Polo 9N3 1.2 mit 54 PS. Mit 4 neuen Winterreifen auf Felgen und 4 Sommerreifen ohne Felgen.Zustand wie auf den Bildern zu sehen.Privatverkauf ohne Gewährleistung.LimousineGebrauchtfahrzeugUnfallfreiHubraum: 1198 cm³Anzahl der Türen: 4/5 TürenAnzahl Sitzplätze: 5Schadstoffklasse: Euro4Umweltplakette: 4 (Grün)Anzahl der Fahrzeughalter: --HU: 8/2027Farbe: WeißFarbe (Hersteller): --Innenausstattung: --Farbe der Innenausstattung: --Airbags: --Anhängerkupplung: --Radio: Tuner/RadioAusstattungABS, Bluetooth, Elektr. Fensterheber, Elektr. Wegfahrsperre, Isofix, Nichtraucher-Fahrzeug, Servolenkung, Sommerreifen, Winterreifen, ZentralverriegelungDer Preis ist Verhandlungsbasis.Privatanbieter78112 St. Georgen im SchwarzwaldDeutschlandInserat bereitgestellt von",https://www.kleinanzeigen.de/s-anzeige/volkswagen-polo-9n-1-2-tuev-bis-08-2027/3517116730-216-9107,https://img.kleinanzeigen.de/api/v1/prod-ads/images/b0/b0676653-0cdc-47db-a527-4b24a41f9213?rule=$_2.AUTO,2026-09-19 17:25:10
3517110906,kleinanzeigen,8,N/A,0,München,2026-09-19,"Im Auftrag meines Vaters verkaufe ich diesen immer zuverlässigen Citroën C1.Erstbesitzer war nur kurz das Autohaus.Das Fahrzeug ist in einem dem Alter entsprechenden guten Zustand.Es gibt kleine Roststellen die in den kommenden Jahren keine Rolle spielen.2019 wurde das Auto an der Heckstoßstange leicht angefahren, die Stossstange wurde komplett durch einen Fachbetrieb erneuert.Aufgrund schlechter Erfahrungen bei meinen letzten Pkw Verkäufen erfolgt der Verkauf bevorzugt an Privat.Ihr könnt mir gerne ein Angebot machen, letzter Preis Anfragen werden ignoriert.Das Scheckheft wurde wie folgt geführt:Juni 2013 16486kmMärz 2016 36521kmFebruar 2020 54148kmApril 2022 63273kmMärz 2024 73747kmMärz 2026 80934kmDer 1.0 Benzinmotor hat eine wartungsfreie Steuerkette und keinen Zahnriemen.Die Allwetterreifen sind DOT2023 und haben eine Profiltiefe von ca 6-7 mm.Falls ihr Fragen habt schreibt mir gerne.",https://www.kleinanzeigen.de/s-anzeige/citroen-c1-1-0-advance-citro-n/3517110906-216-7091,https://img.kleinanzeigen.de/api/v1/prod-ads/images/74/74481088-b090-47ee-ac44-0d74107a9104?rule=$_2.AUTO,2026-09-19 17:25:13
3517107342,kleinanzeigen,16,N/A,0,München,2026-09-19,"Opel Corsa D 1.2 Active ecoFLEX, 86 PS, Benzin, Schaltgetriebe, Erstzulassung 05/2013, 130.994 km.Das Fahrzeug hatte einen Unfallschaden im Frontbereich und wird als Unfallfahrzeug verkauft.Motor ist perfekt.Beschädigt sind unter anderem:* Motorhaube* Stoßfänger vorne* Frontverkleidung / Kühlergrill* beide Frontscheinwerfer* SchlossträgerHU bis 02/2028.Verkauf im aktuellen Zustand. Besichtigung nach Absprache möglich.",https://www.kleinanzeigen.de/s-anzeige/opel-corsa-d-1-2-active-ecoflex-86-ps-totalschaden-unfall-wagen/3517107342-216-7144,https://img.kleinanzeigen.de/api/v1/prod-ads/images/44/447309dc-3805-4e08-88a6-67cb4feb1c62?rule=$_2.AUTO,2026-09-19 17:25:17
3517084867,kleinanzeigen,13,N/A,0,München,2026-09-19,Zum Verkauf steht ein VW Polo 9N3 1.2 mit 54 PS. 4 fachbereift mit 4 neuen Winterreifen und 4 Sommerreifen ohne Felgen.Zustand wie auf den Bildern zu sehen.Privatverkauf ohne Gewährleistung.,https://www.kleinanzeigen.de/s-anzeige/vw-polo-9n-tuev-bis-08-2027/3517084867-216-9107,https://img.kleinanzeigen.de/api/v1/prod-ads/images/50/50ed1d11-f02e-484f-8af7-cdcb8d044b0e?rule=$_2.AUTO,2026-09-19 17:25:20
3517023807,kleinanzeigen,15,N/A,0,München,2026-09-19,"Zum Verkauf steht ein Fiat Panda 1.2 8V mit 60 PS.Der Panda war als Zweitwagen gedacht, wird von uns jedoch nicht benötigt und daher verkauft.Fahrzeugdaten:* Fiat Panda 1.2 8V* 60 PS / 44 kW* Hubraum: 1.242 cm³* Kilometerstand: 145.775 km* Klimaanlage* TÜV bis 28.02.* Leichtmetallfelgen eingetragen* Allwetterreifen* 5-Gang-SchaltgetriebeIn letzter Zeit gemacht:* ✅ TÜV ohne Mängel* ✅ Ölwechsel durchgeführt* ✅ Auspuff erneuert* ✅ Klimaanlage vor ca. 1 Monat neu befüllt* ✅ Steuerkette bei ca. 100.000 km gewechseltZu den FelgenDie Leichtmetallfelgen wurden vom Vorbesitzer mit einer schwarzen Sprühdose lackiert. Die schwarze Lackierung löst sich mittlerweile teilweise bzw. geht langsam ab. Die Felgen sind original silber und die schwarze Farbe kann nach Wunsch problemlos entfernt werden.Das Fahrzeug fährt problemlos und springt zuverlässig an. Es ist natürlich kein Neuwagen und weist dem Alter und der Laufleistung entsprechende Gebrauchsspuren auf. Diese sind auf den Bildern ersichtlich.Besichtigung und Probefahrt sind nach Absprache gerne möglich.Bei Fragen einfach melden.Privatverkauf unter Ausschluss der Sachmängelhaftung. Keine Garantie oder Rücknahme.",https://www.kleinanzeigen.de/s-anzeige/fiat-panda-169-1-2-klima-tuev-bis-02-28/3517023807-216-8783,https://img.kleinanzeigen.de/api/v1/prod-ads/images/a3/a31e3490-7c1f-41b1-b0f7-d3b335fa50be?rule=$_2.AUTO,2026-09-19 17:25:24
3505124526,kleinanzeigen,13,N/A,0,München,2026-09-19,"Hallo,verkaufe hier meinen Top gepflegten Fiat Punto mit wenig Kilometern.Ich bin der 2. Besitzer, davor gehörte das Auto einer Rentnerin.Das Auto ist seit Erstzulassung ein Garagenfahrzeug und weißt keinerlei Beschädigungen auf.Das Auto läuft einwandfrei und hat noch Tüv bis 09/27.Bei Interesse gerne melden.",https://www.kleinanzeigen.de/s-anzeige/fiat-punto/3505124526-216-8113,https://img.kleinanzeigen.de/api/v1/prod-ads/images/6c/6c056fbf-9745-4d1f-84fb-090f00169ad5?rule=$_2.AUTO,2026-09-19 17:25:28
3516979516,kleinanzeigen,19,N/A,0,München,2026-09-19,"Dieser gepflegte Renault Modus aus dem Jahr 2011 überzeugt durch seine praktische Ausstattung und wirtschaftlichen Betrieb. Der 1.149 ccm Benzinmotor mit 75 PS bietet ausreichend Leistung für den Stadtverkehr und längere Strecken. Die graue Metallic- Lackierung harmoniert perfekt mit dem schwarzen Stoffinterieur und verleiht dem Fahrzeug eine zeitlose Eleganz. Mit seinem Frontantrieb und manuellem Getriebe ist der Modus besonders sparsam unterwegs und erfüllt die Euro 5 Abgasnorm (grüne Umweltplakette). Der Innenraum bietet Platz für fünf Personen und überzeugt durch praktische Ausstattungsmerkmale wie manuelle Klimaanlage, elektrische Fensterheber und elektrisch verstellbare Außenspiegel. Für Familien besonders interessant: Die Isofix-Befestigungen ermöglichen die sichere Montage von Kindersitzen. Das Sicherheitspaket umfasst ABS, Front- und Seitenairbags sowie eine Zentralverriegelung mit Wegfahrsperre. Manuelle Klimaanlage für angenehmes Raumklima CD-Player für Ihre Lieblingsmusik Elektrische Fensterheber und Außenspiegel Front- und Seitenairbags für umfassenden Insassenschutz Isofix- Kindersitzbefestigungen Zentralverriegelung mit Wegfahrsperre Anhängelast gebremst 900 kg, ungebremst 550 kg Kraftstofftank mit 49 Liter Volumen Grüne Umweltplakette (Euro 5)",https://www.kleinanzeigen.de/s-anzeige/renault-modus-2011/3516979516-216-8511,https://img.kleinanzeigen.de/api/v1/prod-ads/images/19/19eced63-9c30-4073-a0c9-3e38d56924c9?rule=$_2.AUTO,2026-09-19 17:25:32
3516955548,kleinanzeigen,13,N/A,0,München,2026-09-19,"Hiermit verkaufe ich mein Fiat Punto 2010 modelWas noch angemeldet ist und derzeit noch benutzt wird.Der Vorbesitzer hatte einen Hagelschaden auf dem Dach daher beschäftigtes AutoAndere vorschäden nicht bekanntAnsonsten ist das Auto ist im guten ZustandGemacht wurdeZahnriemen und Wasserpumpe 2024 bei 123.000km, sowie die Trommelbremsen hinten, vorne rechts die Federung+domlager , vorne rechts Fensterheber, Kofferraum schloss, Dichtung vom öl am Motor erneuertRegelmäßige Service, letzte service bei 136.000kmAm 13.02.2026Nagelneue Winterreifen was nur ein Winter benutzt worden ist und das nur am WochenendenAuto wird verkauft da wir ein größeres Auto benötigenDa Privatverkauf keine Garantie und keine Rücknahme möglich",https://www.kleinanzeigen.de/s-anzeige/fiat-punto-2010/3516955548-216-8102,https://img.kleinanzeigen.de/api/v1/prod-ads/images/6e/6e3a004a-f1ae-4bd9-85cc-799c5be808e9?rule=$_2.AUTO,2026-09-19 17:25:36
3496966865,kleinanzeigen,15,N/A,0,München,2026-09-19,"Zum Verkauf steht eine gepflegte Mercedes-Benz A-Klasse Elegance Ausstattungslinie mit Automatikgetriebe und 122.000 km Laufleistung.Das Fahrzeug wurde bis 80.000 km scheckheftgepflegt, anschließend wurden die Services privat und regelmäßig durchgeführt.Technisch befindet sich das Fahrzeug in einem guten Zustand. Motor und Automatikgetriebe laufen sauber und zuverlässig. Das Fahrzeug verfügt außerdem über Sitzheizung sowie Parksensoren vorne und hinten.Optisch weist das Fahrzeug aufgrund seines Alters von ca. 20 Jahren einige Kratzer und normale Gebrauchsspuren auf. Insgesamt ein ehrlicher und dem Alter entsprechend gepflegter Zustand.Highlights:• Elegance Ausstattungslinie• 122.000 km• Automatikgetriebe• Bis 80.000 km scheckheftgepflegt• Danach privat gewartet• Parksensoren vorne & hinten• Sitzheizung• Motor & Getriebe laufen sauber• TÜV kürzlich ohne Mängel bestanden• Altersbedingte Gebrauchsspuren vorhanden",https://www.kleinanzeigen.de/s-anzeige/mercedes-a170-automatik-tuev-hu-10-2027-sitzheizung/3496966865-216-8695,https://img.kleinanzeigen.de/api/v1/prod-ads/images/45/457b9aac-23a7-411b-8dce-8d9ebe50a99f?rule=$_2.AUTO,2026-09-19 17:25:40
3516867101,kleinanzeigen,9,N/A,0,München,2026-09-19,"Zum Verkauf steht ein gepflegter Fiat Punto 1.4 Benziner mit Automatikgetriebe scheckheftgepflegt. Das Auto befindet sich in einem guten Zustand und fährt sowie schaltet einwandfrei. Motor und Automatik funktionieren ohne Probleme. Das Fahrzeug ist sofort fahrbereit und eignet sich ideal als zuverlässiges Alltagsauto oder Anfängerauto.• Baujahr: 2007• 1.4 Benzin• Automatikgetriebe• TÜV bis Januar 2027• 4 neue Winterreifen• Scheckheft gepflegtBesichtigung und Probefahrt nach Absprache möglich. Privatverkauf, keine Garantie oder RücknahmeAuto ist abgemeldet",https://www.kleinanzeigen.de/s-anzeige/fiat-punto-1-4-automatik/3516867101-216-15340,https://img.kleinanzeigen.de/api/v1/prod-ads/images/c8/c8d69985-f50e-449f-b559-a129e00dc993?rule=$_2.AUTO,2026-09-19 17:25:44
3516860254,kleinanzeigen,7,N/A,0,München,2026-09-19,"Dacia Sandero 1.4 MPI - BastlerfahrzeugUnfallwagen / Export Verkaufe hier einen Dacia Sandero 1.4 MPI mit ca 130.000 km Laufleistung als ausdrückliches Bastlerfahrzeug, Teilespender oder für den Export Zustand & Details: Unfallfahrzeug / Wirtschaftlicher TotalschaderSchaden vorne rechts: Radaufhängung / Lenkung / Achse beschädigt, Reifen zerstörtAirbags: Airbags auf der Beifahrerseite wurderausgelöst. Motor & Getriebe: Der 1.4-Liter-Motor läuft und das Getriebe war bis zum Unfall voll funktionstüchtig Sonstiges: Fahrzeug ist nicht fahrbereit und muss mit einem Anhänger/Abschlepper abgeholt werden Inklusive Dachträgerdeal für Bastler. Verwerter oder zum Ausschlachten für Ersatzteile (Motor. Katalvsator. Getriebekarosserieteile links usw.)Preis: 389 € VBStandort: 89291 HolzheimPrivatverkauf: Der Verkauf erfolat unter Ausschluss jeglicher Gewährleistung, Garantie oder Rücknahme Das Fahrzeug wird ausdrücklich als defektes Bastlerfahrzeug / Unfallwagen verkauft",https://www.kleinanzeigen.de/s-anzeige/dacia-sandero-1-4l-bastlerfahrzeug/3516860254-216-6683,https://img.kleinanzeigen.de/api/v1/prod-ads/images/2a/2a441e3f-489a-48e0-8e33-7015bcdd7c07?rule=$_2.AUTO,2026-09-19 17:25:48
3516806724,kleinanzeigen,14,N/A,0,München,2026-09-19,"Verkaufe hier einen guten billigen und zuverlässigen Nissan Pixo von 2 HandTÜV 4/20284 WinterreifenNeue KupplungBremse gewechseltGebrauchsspuren sind bei diesem Alter schon ein wenig vorhanden.Günstige Auto für Anfänger, Stadtfahrt oder auch als winterauto.Auto ist abgemeldet bei anrufen loht sich.Privatverkauf unter Ausschluss jeglicher Gewährleistung, Garantie und Rücknahme.KleinwagenGebrauchtfahrzeugHubraum: 996 cm³Anzahl der Türen: 4/5 TürenAnzahl Sitzplätze: 4Schadstoffklasse: Euro5Umweltplakette: 4 (Grün)Anzahl der Fahrzeughalter: 2HU: 4/2028Farbe: Silber MetallicFarbe (Hersteller): --Innenausstattung: StoffFarbe der Innenausstattung: SchwarzAirbags: Fahrer-AirbagAnhängerkupplung: --Radio: Tuner/RadioAusstattungABS, Allwetterreifen, Bluetooth, CD-Spieler, Elektr. Fensterheber, Gepäckraumabtrennung, Isofix, Nebelscheinwerfer, Partikelfilter, Scheckheftgepflegt, Servolenkung, Winterreifen, ZentralverriegelungDer Preis ist Verhandlungsbasis.Privatanbieter88316 IsnyDeutschlandTel.: +49 173 2777595Inserat bereitgestellt von",https://www.kleinanzeigen.de/s-anzeige/nissan-pixo-1-0l-acenta-acenta-2-hand-gut-und-billig/3516806724-216-8085,https://img.kleinanzeigen.de/api/v1/prod-ads/images/83/837b4b3e-1e8a-43f3-bd3f-c61479c7de37?rule=$_2.AUTO,2026-09-19 17:25:52
3516745981,kleinanzeigen,11,N/A,0,München,2026-09-19,"Das Auto springt an, aber der Motor klopft beim Beschleunigen, ich kenne die Ursache nicht.",https://www.kleinanzeigen.de/s-anzeige/citro-n-c3-picasso-1-4-benzin-2009/3516745981-216-7521,https://img.kleinanzeigen.de/api/v1/prod-ads/images/74/7411dbc4-890f-40bd-8a39-0261fb6a924f?rule=$_2.AUTO,2026-09-19 17:25:56
3516731148,kleinanzeigen,6,N/A,0,München,2026-09-19,"Hyundai i10 (2011) | Nur 88.000 km | 1. Hand | Scheckheftgepflegt | TÜV-Termin am Mittwoch (wird neu gemacht bis 09/2028) – Wie neu!Beschreibung:Sie suchen einen absolut zuverlässigen, sparsamen und perfekt gepflegten Stadtflitzer? Dann ist dieser Hyundai i10 genau das Richtige für Sie. Das Fahrzeug stammt aus 1. Hand und befindet sich optisch sowie technisch in einem absoluten Bestzustand – buchstäblich wie neu.Wichtiger Hinweis zum TÜV:Der aktuelle TÜV wird am kommenden Mittwoch ganz neu gemacht (gültig dann bis 09/2028). Da der Wagen lückenlos gepflegt ist, wird er den TÜV absolut mängelfrei bestehen. Das Beste für Sie: Sie können das Auto schon JETZT vorab besichtigen, Probefahren und bei Gefallen direkt mit einer Anzahlung reservieren (kaparisieren), bevor der große Ansturm nach dem TÜV-Termin losgeht!Alle Highlights auf einen Blick:Aus 1. Hand (nur ein Vorbesitzer)Originale und nachweisbare 88.000 km LaufleistungLückenlos scheckheftgepflegt, ausschließlich in der Hyundai-VertragswerkstattTÜV-Termin steht für Mittwoch – Auto wird mit brandneuem TÜV übergeben!Das Auto wurde stets extrem pfleglich behandelt, ist unfallfrei und komplett fahrbereit. Dank der lückenlosen Historie und dem frischen TÜV haben Sie hier garantierte Sorgenfreiheit – einfach einsteigen und losfahren. Perfekt für Fahranfänger, als treuer Zweitwagen oder für den täglichen Arbeitsweg.Eine Besichtigung ist nach Absprache ab sofort möglich. Sichern Sie sich den Wagen, bevor er offiziell den neuen TÜV-Stempel hat! Bei Interesse oder Fragen schreiben Sie mir einfach eine Nachricht.Privatverkauf unter Ausschluss jeglicher Gewährleistung oder Rücknahme.KleinwagenGebrauchtfahrzeugUnfallfreiHubraum: 1086 cm³Anzahl der Türen: 4/5 TürenAnzahl Sitzplätze: 5Schadstoffklasse: Euro5Umweltplakette: 4 (Grün)Anzahl der Fahrzeughalter: 1HU: 9/2028Farbe: Grau MetallicFarbe (Hersteller): --Innenausstattung: StoffFarbe der Innenausstattung: --Airbags: Front- und Seiten-AirbagsAnhängerkupplung: --Radio: Tuner/RadioPannenhilfe: ReserveradAusstattungABS, Alarmanlage, Allwetterreifen, Bordcomputer, CD-Spieler, ESP, Elektr. Fensterheber, Elektr. Seitenspiegel, Elektr. Wegfahrsperre, Isofix, Multifunktionslenkrad, Nebelscheinwerfer, Nichtraucher-Fahrzeug, Scheckheftgepflegt, Servolenkung, Traktionskontrolle, USB, ZentralverriegelungPrivatanbieter86368 GersthofenDeutschlandInserat bereitgestellt von",https://www.kleinanzeigen.de/s-anzeige/hyundai-i10-1-1-nur-88-000km-1-hand-tuev-neu-09-2028/3516731148-216-7042,https://img.kleinanzeigen.de/api/v1/prod-ads/images/c2/c2e4aebe-5f27-4154-8df0-16cf3e1899fb?rule=$_2.AUTO,2026-09-19 17:26:00
3502970110,kleinanzeigen,11,N/A,0,München,2026-09-19,"Ich verkaufe meinen treuen Seat Mii Reference wegen einer Neuanschaffung. Das Fahrzeug ist extrem sparsam im Verbrauch, sehr günstig im Unterhalt und Versicherung.Das Auto wurde stets pfleglich behandelt und ist scheckheftgepflegt.Auf Wunsch, kann der TÜV neu gemacht werden.alle TÜV Berichte und Rechnung vorhanden.• lückenlos Scheckheftgepflegt• Klimaanlage• 8-fach bereift (Sommer- und Winterräder inklusive)• Radio mit CD-Player und AUX-Anschluss• nur 2 VorbesitzerAuf dem Bild seht ihr die Bewertung vom Auto.Letzte Preisanfragen und Preisvorstellungen sind willkommen.VG",https://www.kleinanzeigen.de/s-anzeige/seat-mii-guenstig-zu-verkaufen-/3502970110-216-6681,https://img.kleinanzeigen.de/api/v1/prod-ads/images/35/352cb982-b8b4-48cb-a369-846d57fbdc4c?rule=$_2.AUTO,2026-09-19 17:26:04
3516721968,kleinanzeigen,13,N/A,0,München,2026-09-19,"Ich verkaufe ein geräumiges Ford Fusion Benziner mit Klimaanlage aus dem Jahr 2005 zum E-Bike Preis. Das Auto hat ca. 145.000 km und wird noch befahren. Zustand ist gut, Sommer und Winterreifen sind dabei. Perfekt für Personen mit dem Hund, falls ihr GTI dafür zu wertvoll ist. Ich bin kein Raucher ohne Haustiere.",https://www.kleinanzeigen.de/s-anzeige/nicht-raucher-ford-fusion-145t-km-benziner-tuev-bis-dezember-2027/3516721968-216-8006,https://img.kleinanzeigen.de/api/v1/prod-ads/images/30/30045242-9078-4af8-b1bc-429288546e91?rule=$_2.AUTO,2026-09-19 17:26:12
3516707435,kleinanzeigen,13,N/A,0,München,2026-09-19,"Ich verkaufe meinen Ford C-Max aus privater Hand.Der C-Max ist ein praktischer und komfortabler Familienwagen / Alltagswagen mit Automatikgetriebe und einer umfangreichen Ausstattung. Besonders im Alltag und auf längeren Strecken bietet er viele praktische Extras.Ausstattung und Highlights:* Automatikgetriebe* Klimaautomatik* Sitzheizung* 4 elektrische Fensterheber* Sonnenschutzrollos hinten* Tempomat* Freisprecheinrichtung* Klapptische im Fond* Kinder-Innenspiegel (siehe Foto)* Allwetterreifen DOT 3220 mit ca. 6 mm Profil* Durchgehend bei Ford servicegepflegt* Letzter Service: 02/2026Der Wagen wurde regelmäßig bei Ford gewartet. Der letzte Service erfolgte im Februar 2026.Fahrzeugdaten:* Marke / Modell: Ford C-Max* Baujahr / Erstzulassung: 02/2006* Getriebe: Automatik* Verkauf: PrivatBei Interesse oder Fragen gerne melden. Eine Besichtigung ist nach Absprache möglich.Privatverkauf unter Ausschluss der Sachmängelhaftung, soweit gesetzlich zulässig. Keine Garantie oder Rücknahme.",https://www.kleinanzeigen.de/s-anzeige/ford-c-max-automatik-sitzheizung-klimaautomatik-uvm-/3516707435-216-7042,https://img.kleinanzeigen.de/api/v1/prod-ads/images/62/62d8f2e6-1e72-4e4b-975a-52c8171603fc?rule=$_2.AUTO,2026-09-19 17:26:16
3516684424,kleinanzeigen,8,N/A,0,München,2026-09-19,Biete 1er BMW in Pink FoliertLeider kratzer an der rechten Seite hinten. Für Kreative was zum ausleben.,https://www.kleinanzeigen.de/s-anzeige/bmw-1er-116/3516684424-216-7043,https://img.kleinanzeigen.de/api/v1/prod-ads/images/19/19912903-ce7c-4268-9e5e-897a6cd4ca8a?rule=$_2.AUTO,2026-09-19 17:26:20
3516665633,kleinanzeigen,13,N/A,0,München,2026-09-19,"Qubo 1.3 Multijet,TÜV NEU, Klima,Sehr Sparsam 8 Fach Bereift, 2.Hand ,optische unschönheiten Sind vorhanden .Van/MinibusGebrauchtfahrzeugUnfallfreiHubraum: 1248 cm³Anzahl der Türen: 4/5 TürenAnzahl Sitzplätze: 5Schadstoffklasse: Euro5Umweltplakette: 4 (Grün)Anzahl der Fahrzeughalter: 2HU: 7/2028Farbe: Blau MetallicFarbe (Hersteller): --Innenausstattung: StoffFarbe der Innenausstattung: SchwarzAirbags: Front-AirbagsAnhängerkupplung: --Schiebetür: Schiebetür beidseitigRadio: Tuner/RadioAusstattungABS, Armlehne, Berganfahrassistent, Bluetooth, Bordcomputer, CD-Spieler, ESP, Elektr. Fensterheber, Elektr. Seitenspiegel, Isofix, Lederlenkrad, Lordosenstütze, Multifunktionslenkrad, Nebelscheinwerfer, Partikelfilter, Servolenkung, Sommerreifen, Sprachsteuerung, Traktionskontrolle, USB, Winterreifen, ZentralverriegelungPrivatanbieter88212 RavensburgDeutschlandInserat bereitgestellt von",https://www.kleinanzeigen.de/s-anzeige/fiat-qubo-1-3-multijet-tuev-neu-klima-sehr-sparsam/3516665633-216-9224,https://img.kleinanzeigen.de/api/v1/prod-ads/images/cb/cb2fd736-7000-400b-bd6e-45fc1e0c3e35?rule=$_2.AUTO,2026-09-19 17:26:24
3516625995,kleinanzeigen,12,N/A,0,München,2026-09-19,"Zum Verkauf steht mein Fiat Panda 169 mit Benzinmotor und 59 PS.Zentralverriegelung, Klimaanlage, elektrische Fensterheber, Radio mit CDEr ist kompakt, wendig, sparsam und günstig im Unterhalt. Die Kfz-Steuer beträgt nur 24 € im Jahr.Vor kurzem wurde der Zahnriemen, der Keilrippenriemen und die Wasserpumpe neue gemacht, sowie ein Ölwechsel durchgeführt (keine 100km).Das Auto wird bis zum Verkauf noch täglich gefahren, daher kann sich der Kilometerstand noch leicht verändern bzw. abweichen.Das Auto hat an der Fahrer- sowie an der Beifahrertür jeweils eine Delle, wo mir leider Fremdfahrzeuge jeweils über die Jahre Türen angeschlagen haben. Am der Heckstange löst sich die oberflächliche Kunststoff Beschichtung (aber kein Rost). siehe BilderBesichtigung und Probefahrt sind nach Absprache gerne möglich.Da Privatverkauf, Verkauf unter Ausschluss jeglicher Sachmängelhaftung ohne Garantie, Gewährleistung und Rücknahme.Bei Wunsch sind auch noch 4 neue Winterreifen vorhanden, die zu einem Aufpreis mit erworben werden können.Bitte keine unrealistischen Angebote !",https://www.kleinanzeigen.de/s-anzeige/fiat-panda-169-benziner-59-ps/3516625995-216-5789,https://img.kleinanzeigen.de/api/v1/prod-ads/images/93/938d45ae-3e2c-4661-8da8-5aea38da42b3?rule=$_2.AUTO,2026-09-19 17:26:27
3516606118,kleinanzeigen,12,N/A,0,München,2026-09-19,"Zum Verkauf steht ein Toyota Yaris 1.3 Benzin, Baujahr 2008.Das Auto fährt gut und zuverlässig. Motor und Getriebe funktionieren problemlos. TÜV bis 10/2027.Normale Gebrauchsspuren dem Alter entsprechend. Besichtigung und Probefahrt nach Absprache möglich.Ich spreche Englisch, Russisch und Rumänisch.LimousineGebrauchtfahrzeugUnfallfreiHubraum: 1298 cm³Anzahl der Türen: 4/5 TürenAnzahl Sitzplätze: 5Schadstoffklasse: Euro4Umweltplakette: 4 (Grün)Anzahl der Fahrzeughalter: --HU: 10/2027Farbe: GrauFarbe (Hersteller): --Innenausstattung: --Farbe der Innenausstattung: --Airbags: --Anhängerkupplung: --Radio: Tuner/RadioAusstattungBordcomputer, CD-Spieler, Elektr. Fensterheber, Elektr. Seitenspiegel, Elektr. Wegfahrsperre, Lederlenkrad, Nebelscheinwerfer, Servolenkung, ZentralverriegelungDer Preis ist Verhandlungsbasis.Privatanbieter72160 Horb am NeckarDeutschlandInserat bereitgestellt von",https://www.kleinanzeigen.de/s-anzeige/toyota-yaris/3516606118-216-8112,https://img.kleinanzeigen.de/api/v1/prod-ads/images/d5/d5732ee6-62e1-4284-9540-7a52d625210f?rule=$_2.AUTO,2026-09-19 17:26:31
3516579941,kleinanzeigen,19,N/A,0,München,2026-09-19,"Hyundai i10 (2011) | Nur 88.000 km | 1. Hand | Scheckheftgepflegt | TÜV-Termin am Mittwoch (wird neu gemacht bis 09/2028) – Wie neu!Beschreibung:Sie suchen einen absolut zuverlässigen, sparsamen und perfekt gepflegten Stadtflitzer? Dann ist dieser Hyundai i10 genau das Richtige für Sie. Das Fahrzeug stammt aus 1. Hand und befindet sich optisch sowie technisch in einem absoluten Bestzustand – buchstäblich wie neu.Wichtiger Hinweis zum TÜV:Der aktuelle TÜV wird am kommenden Mittwoch ganz neu gemacht (gültig dann bis 09/2028). Da der Wagen lückenlos gepflegt ist, wird er den TÜV absolut mängelfrei bestehen. Das Beste für Sie: Sie können das Auto schon JETZT vorab besichtigen, Probefahren und bei Gefallen direkt mit einer Anzahlung reservieren (kaparisieren), bevor der große Ansturm nach dem TÜV-Termin losgeht!Alle Highlights auf einen Blick:Aus 1. Hand (nur ein Vorbesitzer)Originale und nachweisbare 88.000 km LaufleistungLückenlos scheckheftgepflegt, ausschließlich in der Hyundai-VertragswerkstattTÜV-Termin steht für Mittwoch – Auto wird mit brandneuem TÜV übergeben!Das Auto wurde stets extrem pfleglich behandelt, ist unfallfrei und komplett fahrbereit. Dank der lückenlosen Historie und dem frischen TÜV haben Sie hier garantierte Sorgenfreiheit – einfach einsteigen und losfahren. Perfekt für Fahranfänger, als treuer Zweitwagen oder für den täglichen Arbeitsweg.Eine Besichtigung ist nach Absprache ab sofort möglich. Sichern Sie sich den Wagen, bevor er offiziell den neuen TÜV-Stempel hat! Bei Interesse oder Fragen schreiben Sie mir einfach eine Nachricht.Privatverkauf unter Ausschluss jeglicher Gewährleistung oder Rücknahme.",https://www.kleinanzeigen.de/s-anzeige/hyundai-i10-nur-88-000km-1-hand-tuev-neu-09-2028-scheckheft/3516579941-216-7042,https://img.kleinanzeigen.de/api/v1/prod-ads/images/06/0640dabc-c228-4359-b539-60b815bf346d?rule=$_2.AUTO,2026-09-19 17:26:35
3514852798,kleinanzeigen,4,N/A,0,München,2026-09-19,- Tüv neu- Bremsen hinten und vorne neu- Reifen neu 8fach Bereift- Klimakompressor mit Kondensator neu- Ölwanne neu ( Hyundai i10 Krankheit)- Ölwechsel/Service neuAlles mit Rechnungen Belegbar von der FachwerkstattSehr günstig in der KFZ Steuer 28€ im Jahr.Niedrige Versicherungs Einstufung.Verbrauch 4l/100km,https://www.kleinanzeigen.de/s-anzeige/hyundai-i10-tuev-neu-9-2028/3514852798-216-7313,https://img.kleinanzeigen.de/api/v1/prod-ads/images/e0/e07d1fa7-0eff-4da3-a19a-0360c9a6ec75?rule=$_2.AUTO,2026-09-19 17:26:39
3516545375,kleinanzeigen,5,N/A,0,München,2026-09-19,"AUTO hat Tüv bedingt Fahrbereit Probleme mit der Kühlung Tachowelle defekt Neue Radlager vorne Neuwertige Reifen Zündspulen neu Wasserpumpe Zahnriemen anbauteile neuAndereGebrauchtfahrzeugBeschädigt, UnfallfreiHubraum: 1300 cm³Anzahl der Türen: 2/3 TürenAnzahl Sitzplätze: 2Schadstoffklasse: Euro4Umweltplakette: 4 (Grün)Anzahl der Fahrzeughalter: 3HU: 1/2028Farbe: SchwarzFarbe (Hersteller): --Innenausstattung: --Farbe der Innenausstattung: --Airbags: --Anhängerkupplung: --Radio: Tuner/RadioAusstattungNichtraucher-Fahrzeug, USBDer Preis ist Verhandlungsbasis.Privatanbieter73095 AlbershausenDeutschlandTel.: +49 171 1215181Inserat bereitgestellt von",https://www.kleinanzeigen.de/s-anzeige/daihatsu-hijet/3516545375-216-8869,https://img.kleinanzeigen.de/api/v1/prod-ads/images/8d/8d3696ef-6874-4008-9961-ceb310495ad0?rule=$_2.AUTO,2026-09-19 17:26:43
3479847271,kleinanzeigen,19,N/A,0,München,2026-09-19,"Hi,verkaufe hier unseren Zweitwagen, da wir auf Elektro umgestiegen sind. Das Fahrzeug eignet sich super als Zweitwagen oder auch für Fahranfänger, Pendler oder ähnliches.Ausstattung:*Leichtmetallfelgen 17Zoll*Tempomat*Navigation / Allerdings hängt der Bildschirm sich ständig auf >> Radio und CD Spieler geht aber*Rückbank umklapbar*8Fach bereift*Elektrische Fensterheber vorne und hinten*Keyless Start*Klimaautomatik >> Bin mir nicht sicher ob die richtig funktioniert, manchmal kühlt sie eher schwach*Tüv 02/27*Reparierter Heckschaden hinten*Multifunktion Bedienung an der rechten Seite Lenkrad*Lichtautomatik*3 Vorbesitzer*Fahrzeug ist abgemeldetZustand: Vorne links ist leicht verkratzt, und das Fahrzeug hat grundsätzlich ein paar Gebrauchsspuren außen. Innen ist er relativ gut erhalten.Hinweis: Hinten ist eine Stoßstange mit PDC verbaut, das Fahrzeug hat aber kein PDC / Parkhilfe und das Fahrzeug hat einen reparierten Unfall Schaden (Heck)",https://www.kleinanzeigen.de/s-anzeige/renault-megane-3/3479847271-216-6712,https://img.kleinanzeigen.de/api/v1/prod-ads/images/09/09a4bfed-da62-4e1b-a8dd-6339016930ea?rule=$_2.AUTO,2026-09-19 17:26:46
3516518527,kleinanzeigen,11,N/A,0,München,2026-09-19,"Hallo, ich verkaufe mein Auto wegen Neuanschaffung,Motor läuft rundGetriebe ansich gutKein Rost weil Sommerauto und GaragenwagenDie Elektronik vom Dach wurde komplett neu gemacht daher da keine Probleme, das Dach sollte aber trotzdem gewartet werden, hab das nötige Werkzeug nicht:( geht deswegen nur sporadisch aufRicardo Sportsitze18 Zoll Sommerfelgen und 16 Zoll Felgen = 8fach bereiftSportfahrwerkSport AuspuffBöser BlickGutachten vorhandenKlimaBluetooth RadioSitzheizungSubwooferJetzt kommen wir zu den nicht so schönen DingenWindschutzscheibe ist gesprungen, beläuft sich aber nur unten mittig.Irgendwas rüttelt beim schleifpunkt an der Kupplung.Er verliert bisschen Öl und Wasser.Hintere Bremsen müssen gewechselt werden.Ein Nebelscheinwerfer muss das Glas ausgetauscht werden.Für sein Alter ist das Leder an ein paar Stellen schon müde und Kratzer am Lack sollte man erwarten.Nichtsdestotrotz durch seine nicht hohe Laufzeit und kein Rost ist das Auto perfekt für jene die bisschen Zeit und Enthusiasmus an Autos haben.Privat Verkauf ohne Garantie & Rücknahme, Tippfehler vorbehalten bitte",https://www.kleinanzeigen.de/s-anzeige/opel-astra-h-2-0-twintop/3516518527-216-6714,https://img.kleinanzeigen.de/api/v1/prod-ads/images/8f/8f91b011-8d6d-410d-8300-49877086ef9e?rule=$_2.AUTO,2026-09-19 17:26:50
3494795189,kleinanzeigen,7,N/A,0,München,2026-09-19,"Nissan Micra 1.2 Benzin – TÜV NEUNeu WartungAlle Filter NeuZündkerzen NeuWeichblatt Neu8 Fach RäderZum Verkauf steht ein gepflegter Nissan Micra aus dem Jahr 2009. Das Fahrzeug eignet sich ideal als Stadtauto, Fahranfängerfahrzeug oder sparsamer AlltagswagenAusstattung & Vorteile* Sparsam im Verbrauch* Günstig in Versicherung und Steuer* Kompakte Größe – ideal für Stadt & Parkplatzsuche* Zuverlässiger Nissan-MotorZustandDas Fahrzeug befindet sich in gebrauchtem, altersentsprechendem Zustand und ist fahrbereit.Besichtigungnach Absprache möglichPrivatverkauf: Keine Garantie, Gewährleistung oder Rücknahme",https://www.kleinanzeigen.de/s-anzeige/nissan-micra-k12-neu-tuev/3494795189-216-8742,https://img.kleinanzeigen.de/api/v1/prod-ads/images/5a/5aa95689-7427-4eb7-a3be-cb1b5a726beb?rule=$_2.AUTO,2026-09-19 17:26:53
3516499771,kleinanzeigen,9,N/A,0,München,2026-09-19,Zum Verkauf steht mein VW up bei InteresseGerne melden Motor und Getriebe sind top,https://www.kleinanzeigen.de/s-anzeige/vw-up-mit-tuev/3516499771-216-19203,https://img.kleinanzeigen.de/api/v1/prod-ads/images/1e/1e05fffc-9df6-4d7e-9663-ae0d6f22956f?rule=$_2.AUTO,2026-09-19 17:26:57
3516469054,kleinanzeigen,7,N/A,0,München,2026-09-19,"Zum Verkauf steht ein gepflegter Opel Corsa D als Sondermodell „150 Jahre Opel“ in Weiß.Der Corsa wurde im Februar 2012 erstmals zugelassen, hat aktuell 136.250 km Laufleistung und verfügt über einen 87-PS-Benzinmotor mit Schaltgetriebe.Das Fahrzeug befindet sich technisch und optisch in einem gepflegten Zustand.Motor, Getriebe und Kupplung funktionieren einwandfrei.Dank der umfangreichen Ausstattung eignet sich der Corsa sowohl als zuverlässiges Alltagsfahrzeug als auch als praktischer Stadtwagen.Besonders angenehm sind die Sitzheizung und Lenkradheizung, außerdem verfügt das Fahrzeug unter anderem über Klimaanlage, Tempomat, Multifunktionslenkrad, Radio sowie Leichtmetallfelgen.Montiert sind neuwertige Allwetterreifen.Im Februar 2026 wurde eine größere Inspektion durchgeführt. Dabei wurden unter anderem:* Motoröl und Filter erneuert* eine Motorspülung durchgeführt* der Thermostat erneuert* Kühlmittel/Frostschutz erneuertDer TÜV/HU ist noch bis April 2027 gültig.Weitere Fahrzeugdaten: Euro 5, grüne Umweltplakette, Nichtraucherfahrzeug, Stoffausstattung und scheckheftgepflegt.Der Corsa ist sofort fahrbereit.Besichtigung und Probefahrt sind nach Absprache gerne möglich. Bei Fragen einfach melden.Hinweis zum Verkaufsgrund:Ich habe das Fahrzeug am 10.09.2026 gekauft und am 14.09.2026 zugelassen. Der Grund für den kurzfristigen Weiterverkauf ist ausschließlich gesundheitlicher Natur: Im Innenraum ist für mich ein deutlicher Geruch nach einem Putzmittel wahrnehmbar, auf den ich gesundheitlich empfindlich reagiere. Für die meisten anderen Personen ist dieser Geruch unproblematisch. Da ich das Fahrzeug deshalb leider nicht wie geplant nutzen kann, habe ich mich zum Weiterverkauf entschieden.Nach dem Kauf habe ich das Fahrzeug einer gründlichen professionellen Fahrzeugreinigung unterziehen lassen. Außerdem wurde eine neue Batterie im Wert von 165 € eingebaut; die Rechnung liegt vor.Privatverkauf unter Ausschluss jeglicher Gewährleistung, keine Garantie oder Rücknahme.",https://www.kleinanzeigen.de/s-anzeige/opel-corsa-d-mit-tuev-04-27/3516469054-216-9093,https://img.kleinanzeigen.de/api/v1/prod-ads/images/38/38468ff8-6244-4480-aeab-2ff1e196acfa?rule=$_2.AUTO,2026-09-19 17:27:01
3327147167,kleinanzeigen,12,N/A,0,München,2026-09-19,"-Guter Zustand-5 Sitzer-das Fahrzeug hatte 3 Vorbesitzer-seit kauf im April 24 nur 8.000km gefahren-neue Frontscheibe-neue Allwetterreifen seit ca. einem Jahr-Stoßdämpfer links und rechts wurden ausgetauscht-Ersatzschlüssel vorhanden-Privatverkauf-Navi muss noch eingerichtet werden-wird ganzjährig in der Garage geparkt-Kilometerstand kann sich noch verändern, da das Fahrzeug teilweise noch bewegt wirdVerkauf erfolgt unter Ausschluß jeglicher Gewährleistung und Sachmängelhaftung.",https://www.kleinanzeigen.de/s-anzeige/chevrolet-spark-ls/3327147167-216-8006,https://img.kleinanzeigen.de/api/v1/prod-ads/images/f0/f04b806d-c497-43ec-94cc-1497461caa74?rule=$_2.AUTO,2026-09-19 17:27:04
3516440959,kleinanzeigen,11,N/A,0,München,2026-09-19,"Zum Verkauf steht ein gepflegter Renault Clio. Das Auto ist zuverlässig, sparsam und eignet sich sehr gut für den Alltag oder als Anfängerauto. Der Motor läuft ruhig und das Fahrzeug ist fahrbereit.Das Auto wurde regelmäßig genutzt und kann gerne vor Ort besichtigt und probegefahren werden. Bei Fragen können Sie mich gerne kontaktieren.Privatverkauf.",https://www.kleinanzeigen.de/s-anzeige/renault-clio-f-/3516440959-216-8188,https://img.kleinanzeigen.de/api/v1/prod-ads/images/a5/a5bb5be4-acd0-4894-b0b0-975c9d5fae77?rule=$_2.AUTO,2026-09-19 17:27:08
3516412519,kleinanzeigen,14,N/A,0,München,2026-09-19,"Zum Verkauf steht ein gepflegter Mercedes-Benz A170.TÜV erst wieder Juli 2027 fällig. Service neu!Für das Alter ein super Zustand da schon viel gemacht wurde!!Das Fahrzeug befindet sich technisch in einem sehr guten Zustand. In den letzten Jahren wurden wichtige Verschleißteile erneuert:- Antriebswelle neu- Bremsscheiben sowie teilweise Bremssattel erneuert- Service kürzlich komplett durchgeführt- Winterreifen neuTÜV ist gültig bis Juli 2027.Ausstattung:- Schiebedach- Sitzheizung- Klimaanlage- MultifunktionslenkradDas Fahrzeug weist altersbedingte Gebrauchsspuren auf, darunter kleinere Kratzer und Steinschläge. Zudem gibt es eine kleine Roststelle sowie altersübliche Ansätze. Technisch ist dies jedoch ohne Einfluss und nicht TÜV-relevant.Für das Alter ein super Zustand da schon viel gemacht wurde!!Der Innenraum ist sehr gepflegt.Zusätzlich gibt es zwei Reifensätze:- Sommerreifen- WinterreifenDas Fahrzeug ist sehr angenehm zu fahren und sofort fahrbereit.Privatverkauf, daher keine Garantie, Gewährleistung oder Rücknahme.Bei Fragen und Interesse immer gerne einfach melden :).LimousineGebrauchtfahrzeugUnfallfreiHubraum: 1699 cm³Anzahl der Türen: 2/3 TürenAnzahl Sitzplätze: 5Schadstoffklasse: Euro4Umweltplakette: 4 (Grün)Anzahl der Fahrzeughalter: 4HU: 7/2027Farbe: Grau MetallicFarbe (Hersteller): --Innenausstattung: StoffFarbe der Innenausstattung: GrauAirbags: Front-, Seiten- und weitere AirbagsAnhängerkupplung: --Radio: Tuner/RadioAusstattungABS, Beheizbare Frontscheibe, Bordcomputer, CD-Spieler, ESP, Elektr. Fensterheber, Elektr. Seitenspiegel, Elektr. Wegfahrsperre, Isofix, Lederlenkrad, Multifunktionslenkrad, Nebelscheinwerfer, Panorama-Dach, Regensensor, Reifendruckkontrolle, Scheckheftgepflegt, Schiebedach, Servolenkung, Sitzheizung, Sommerreifen, Traktionskontrolle, Winterreifen, ZentralverriegelungDer Preis ist Verhandlungsbasis.Privatanbieter89134 BlausteinDeutschlandTel.: +49 173 8700794Inserat bereitgestellt von",https://www.kleinanzeigen.de/s-anzeige/mercedes-benz-a-170-classic-pano-tuv-07-27-service-neu/3516412519-216-8683,https://img.kleinanzeigen.de/api/v1/prod-ads/images/9d/9d6ca024-5f82-4712-979d-6a5cdfa33b4c?rule=$_2.AUTO,2026-09-19 17:27:13
3516406080,kleinanzeigen,8,N/A,0,München,2026-09-19,"Zum Verkauf steht ein VW Polo 9N mit zuverlässigem 1.2-Liter-Benzinmotor (40 kW / 54 PS).Das Fahrzeug eignet sich ideal als Alltagsauto, Anfängerauto oder günstiger Zweitwagen. Der Polo ist kompakt, sparsam und aufgrund seiner Größe sehr angenehm im Stadtverkehr.Fahrzeugdaten:* Volkswagen Polo 9N* Erstzulassung: 12.10.2006* Motor: 1.2 Benzin* Leistung: 40 kW / 54 PS* Kraftstoff: Benzin* Abgasnorm: Euro 4* Neue Winterreifen 2 Monate alt* Kilometerstand: 144.450 (Fahrzeug wird täglich bewegt km können abweichen)(PDC hinten hat glaube ich Wackelkontakt ab und anmal geht es und mal nicht)Das Fahrzeug steht auf den Bildern so da, wie es auch besichtigt werden kann. Besichtigung und Probefahrt nach Absprache möglich.Bei Fragen oder Interesse gerne melden.Privatverkauf: Verkauf unter Ausschluss der Sachmängelhaftung. Keine Rücknahme oder Garantie.",https://www.kleinanzeigen.de/s-anzeige/vw-polo-9n-tuev-neu/3516406080-216-8511,https://img.kleinanzeigen.de/api/v1/prod-ads/images/4c/4c41d81a-a086-427e-ac1b-a44fc393d978?rule=$_2.AUTO,2026-09-19 17:27:17
3516317320,kleinanzeigen,9,N/A,0,München,2026-09-19,"Suzuki Splash 1.2 mit 94 PS – gepflegter Wagen., TÜV NEU.Verkaufe meinen zuverlässigen Suzuki Splash aus privater Hand. Der Wagen bietet mit seinen 94 PS überraschend viel Kraft im Alltag, fährt sparsam und ist ideal für Stadt und Umland. Innen wie außen gepflegt, technisch einwandfrei, regelmäßige Wartung. Kompakte Maße, 5-Sitzer mit unkomplizierter Handhabung.Er hat eine sehr gute Klimaanlage und Sitzheizungen (vorderen Sitze) sowie Heizung für den Winter. Elektrische Fensterheber vorne und elektrische Seitenspiegel mit Seitenspiegelheizung für den Winter.Einen Satz Sommer- und Winterreifen sind auch vorhanden, inkl. Ersatzrad und Wagenheber.Stand immer in der Garage.Perfekt als Erst- oder Zweitwagen.Der Wagen kann Probe-gefahren und gegebenenfalls nach Kauf direkt mitgenommen werden.",https://www.kleinanzeigen.de/s-anzeige/suzuki-splash-1-2-club/3516317320-216-8008,https://img.kleinanzeigen.de/api/v1/prod-ads/images/80/8027ce9c-8725-465e-9928-95d696a163b0?rule=$_2.AUTO,2026-09-19 17:27:20
3516316388,kleinanzeigen,8,N/A,0,München,2026-09-19,"Im Auftrag meines Vaters verkaufe ich diesen immer zuverlässigen Citroën C1.Das Fahrzeug ist in einem dem Alter entsprechenden guten Zustand.Es gibt kleine Roststellen die in den kommenden Jahren keine Rolle spielen.2019 wurde das Auto an der Heckstoßstange leicht angefahren, die Stossstange wurde komplett durch einen Fachbetrieb erneuert.Aufgrund schlechter Erfahrungen bei meinen letzten Pkw Verkäufen erfolgt der Verkauf bevorzugt an Privat.Ihr könnt mir gerne ein Angebot machen, letzter Preis Anfragen werden ignoriert.Das Scheckheft wurde wie folgt geführt:Juni 2013 16486kmMärz 2016 36521kmFebruar 2020 54148kmApril 2022 63273kmMärz 2024 73747kmMärz 2026 80934kmDer 1.0 Benzinmotor hat eine wartungsfreie Steuerkette und keinen Zahnriemen.Die Allwetterreifen sind DOT2023 und haben eine Profiltiefe von ca 6-7 mm.Falls ihr Fragen habt schreibt mir gerne.KleinwagenGebrauchtfahrzeugUnfallfreiHubraum: 998 cm³Anzahl der Türen: 4/5 TürenAnzahl Sitzplätze: 4Schadstoffklasse: Euro5Umweltplakette: 4 (Grün)Anzahl der Fahrzeughalter: 2HU: 3/2028Farbe: Grau MetallicFarbe (Hersteller): --Innenausstattung: StoffFarbe der Innenausstattung: GrauAirbags: Front-AirbagsAnhängerkupplung: --Radio: Tuner/RadioPannenhilfe: NotradAusstattungABS, Allwetterreifen, CD-Spieler, ESP, Scheckheftgepflegt, Servolenkung, TraktionskontrolleDer Preis ist Verhandlungsbasis.Privatanbieter86899 LandsbergDeutschlandInserat bereitgestellt von",https://www.kleinanzeigen.de/s-anzeige/citro-n-c1-1-0-advance-advance/3516316388-216-7091,https://img.kleinanzeigen.de/api/v1/prod-ads/images/c2/c2714e4d-0a69-4e6d-becf-c95a9bacb2e1?rule=$_2.AUTO,2026-09-19 17:27:24
3516280690,kleinanzeigen,20,N/A,0,München,2026-09-19,Citroen C3 1.4 BenzinGuter ZustandNeuer TÜV1.4 Motor 74 PSSommerreifen und WinnterreifenDelle hinten rechtsMotor und Getriebe im TOP Zustand93.000KM orginal2 Hand,https://www.kleinanzeigen.de/s-anzeige/citroen-c3-2011-93-000-km/3516280690-216-8729,https://img.kleinanzeigen.de/api/v1/prod-ads/images/93/9300bb95-9205-49d3-9c71-248357972a7b?rule=$_2.AUTO,2026-09-19 17:27:28
3516279657,kleinanzeigen,12,N/A,0,München,2026-09-19,"Verkaufe einen Hyundai I30 1,4l , da mein Sohn im Oktober ein Studium anfängt und das Auto nicht mehr gebraucht wird.Der Wagen hat mehrere Dellen und Kratzer, sowie Rost am hinteren linken Radlauf. Hatte beim Vorbesitzer Blechschaden auf der linken Seite.Auto ist angemeldet und es können noch Kilometer dazukommen.Privatverkauf. Der Verkauf erfolgt unter Ausschluss jeglicher Gewährleistung, Garantie oder RücknahmeErstzulassung 6.2010Kilometerstand 116850TÜV 11'2027Motor 1,4l 109PSGetriebe 5 GangFarbe grauFahrzeughalter 2",https://www.kleinanzeigen.de/s-anzeige/hyundai-i30-1-4-ahk/3516279657-216-7166,https://img.kleinanzeigen.de/api/v1/prod-ads/images/f4/f4fdc4ce-0fe6-4d2e-aed2-2d1ae56b36f6?rule=$_2.AUTO,2026-09-19 17:27:31
3516275928,kleinanzeigen,20,N/A,0,München,2026-09-19,Wie man auf den Bildern feststellen kann hat das Auto ein paar Schrammen.Der Motor trotzdem super rundDas Auto hat noch über ein Jahr tüv.Letztes Jahr war das Auto in der Werkstatt und es wurden viele Verschleißteile erneuert.Belege sind noch vorhanden. Fotos sind oben hinzugefügt.Ist ein super stabiles Winterauto.Das Auto ist noch mit Allwetterreifen bereift.,https://www.kleinanzeigen.de/s-anzeige/chevrolet-1-0-ls/3516275928-216-6680,https://img.kleinanzeigen.de/api/v1/prod-ads/images/3e/3e085f2e-1bdc-426d-a534-a60c85837e98?rule=$_2.AUTO,2026-09-19 17:27:34
3516264435,kleinanzeigen,12,N/A,0,München,2026-09-19,"Der Smart ist technisch in gutem Zustand.Er hat ein kleines Loch im Auspuff. Die Klimaanlage wurde neu befüllt, danach war ein Lagergeräusch am Klimakompressor zu hören. Ich habe bereits einen neuen Klimakompressor gekauft, dieser muss nur noch eingebaut werden.Leider habe ich dafür keine Zeit.❗️145100km Es wird noch täglich gefahren❗️Das Fahrzeug hat nur einen Schlüssel.Privatverkauf, daher keine Garantie, Gewährleistung oder Rücknahme",https://www.kleinanzeigen.de/s-anzeige/smart-fortwo-mhd-halbautomatik/3516264435-216-8894,https://img.kleinanzeigen.de/api/v1/prod-ads/images/ae/ae13e55b-745c-4688-8773-51813cc7b93d?rule=$_2.AUTO,2026-09-19 17:27:38
3516259339,kleinanzeigen,15,N/A,0,München,2026-09-19,"Zum Verkauf steht ein Opel Zafira B 1.6 Benziner mit 7 Sitzplätzen, Anhängerkupplung und TÜV bis 10/2027.Mit nur ca. 141.000 km hat der Zafira für sein Alter eine vergleichsweise geringe Laufleistung und bietet viel Platz für Familie, Freizeit oder Transport.Highlights:7 Sitzplätzeca. 141.000 kmAnhängerkupplungTÜV bis 10/2027großer und flexibel nutzbarer InnenraumfahrbereitMotor und Getriebe laufen ohne Auffälligkeiten und das Fahrzeug kann ganz normal gefahren werden.Natürlich hat ein Fahrzeug aus dem Jahr 2010 auch Gebrauchsspuren und einige bekannte Mängel, die im Preis bereits berücksichtigt sind:Klimaanlage aktuell ohne FunktionAirbag-Kontrollleuchte leuchtetPDC/Einparkhilfe hinten ohne Funktionmehrere optische bzw. altersbedingte KarosserieschädenDie vorhandenen Beschädigungen sind auf den Bildern gut zu erkennen und werden ausdrücklich nicht verschwiegen.Ein CarVertical-Bericht ist vorhanden und kann bei ernsthaftem Interesse gerne eingesehen werden.Ideal für jemanden, der einen günstigen, geräumigen 7-Sitzer mit langem TÜV sucht und sich an den genannten Mängeln nicht stört bzw. diese selbst beheben kann.Besichtigung und Probefahrt (bedingt weil abgemeldet) nach Absprache möglich.Faire Preisverhandlungen gerne vor Ort nach Besichtigung.Privatverkauf unter Ausschluss der Sachmängelhaftung. Keine Garantie, Gewährleistung oder Rücknahme.Van/MinibusGebrauchtfahrzeugBeschädigt, UnfallfreiHubraum: 1598 cm³Anzahl der Türen: 4/5 TürenAnzahl Sitzplätze: 7Schadstoffklasse: Euro5Umweltplakette: 4 (Grün)Anzahl der Fahrzeughalter: 2HU: 10/2027Farbe: WeißFarbe (Hersteller): --Innenausstattung: StoffFarbe der Innenausstattung: GrauAirbags: Front- und Seiten-AirbagsAnhängerkupplung: Anhängerkupplung festRadio: Tuner/RadioAusstattungABS, Allwetterreifen, CD-Spieler, ESP, Elektr. Fensterheber, Isofix, Nichtraucher-Fahrzeug, Servolenkung, Soundsystem, Traktionskontrolle, ZentralverriegelungDer Preis ist Verhandlungsbasis.Privatanbieter86368 GersthofenDeutschlandTel.: +49 1515 5604133Inserat bereitgestellt von",https://www.kleinanzeigen.de/s-anzeige/opel-opel-zafira-b-1-6-7-sitzer-ahk-tuev-10-2027/3516259339-216-7042,https://img.kleinanzeigen.de/api/v1/prod-ads/images/94/941e2471-583b-4b5d-9c23-e9f082c1d526?rule=$_2.AUTO,2026-09-19 17:27:42
